cohort_id,panel_id,category,count,rank_convention,original_n
C1-P1,P1,<=1,8,ceiling,10
C1-P1,P1,2,1,ceiling,10
C1-P1,P1,>2,1,ceiling,10
C1-P2,P2,<=2,5,ceiling,10
C1-P2,P2,4,4,ceiling,10
C1-P2,P2,>4,1,ceiling,10
C2-P1,P1,<=1,7,ceiling,10
C2-P1,P1,2,3,ceiling,10
C2-P1,P1,>2,0,ceiling,10
C2-P2,P2,<=2,5,ceiling,10
C2-P2,P2,4,4,ceiling,10
C2-P2,P2,>4,1,ceiling,10
C3-P1,P1,<=1,5,ceiling,10
C3-P1,P1,2,4,ceiling,10
C3-P1,P1,>2,1,ceiling,10
C3-P2,P2,<=2,5,ceiling,10
C3-P2,P2,4,4,ceiling,10
C3-P2,P2,>4,1,ceiling,10
