cohort_id,threshold,unit,decision_operator,decision_fraction
minor-2020-Escherichia-coli-Goats-AMP,1.0,mg/L,<,.05
minor-2020-Escherichia-coli-Goats-AMP,2.0,mg/L,<,.05
minor-2020-Escherichia-coli-Goats-AMP,4.0,mg/L,<,.05
minor-2020-Escherichia-coli-Goats-AMP,8.0,mg/L,<,.05
minor-2020-Escherichia-coli-Goats-AMP,16.0,mg/L,<,.05
minor-2020-Escherichia-coli-Goats-AMP,32.0,mg/L,<,.05
minor-2020-Escherichia-coli-Goats-AXO,0.25,mg/L,<,.05
minor-2020-Escherichia-coli-Goats-AXO,0.5,mg/L,<,.05
minor-2020-Escherichia-coli-Goats-AXO,1.0,mg/L,<,.05
minor-2020-Escherichia-coli-Goats-AXO,2.0,mg/L,<,.05
minor-2020-Escherichia-coli-Goats-AXO,4.0,mg/L,<,.05
minor-2020-Escherichia-coli-Goats-AXO,8.0,mg/L,<,.05
minor-2020-Escherichia-coli-Goats-AXO,16.0,mg/L,<,.05
minor-2020-Escherichia-coli-Goats-AXO,32.0,mg/L,<,.05
minor-2020-Escherichia-coli-Goats-AXO,64.0,mg/L,<,.05
minor-2020-Escherichia-coli-Goats-AZI,0.25,mg/L,<,.05
minor-2020-Escherichia-coli-Goats-AZI,0.5,mg/L,<,.05
minor-2020-Escherichia-coli-Goats-AZI,1.0,mg/L,<,.05
minor-2020-Escherichia-coli-Goats-AZI,2.0,mg/L,<,.05
minor-2020-Escherichia-coli-Goats-AZI,4.0,mg/L,<,.05
minor-2020-Escherichia-coli-Goats-AZI,8.0,mg/L,<,.05
minor-2020-Escherichia-coli-Goats-AZI,16.0,mg/L,<,.05
minor-2020-Escherichia-coli-Goats-AZI,32.0,mg/L,<,.05
minor-2020-Escherichia-coli-Goats-AZI,64.0,mg/L,<,.05
minor-2020-Escherichia-coli-Goats-CHL,2.0,mg/L,<,.05
minor-2020-Escherichia-coli-Goats-CHL,4.0,mg/L,<,.05
minor-2020-Escherichia-coli-Goats-CHL,8.0,mg/L,<,.05
minor-2020-Escherichia-coli-Goats-CHL,16.0,mg/L,<,.05
minor-2020-Escherichia-coli-Goats-CHL,32.0,mg/L,<,.05
minor-2020-Escherichia-coli-Goats-COL,0.25,mg/L,<,.05
minor-2020-Escherichia-coli-Goats-COL,0.5,mg/L,<,.05
minor-2020-Escherichia-coli-Goats-COL,1.0,mg/L,<,.05
minor-2020-Escherichia-coli-Goats-COL,2.0,mg/L,<,.05
minor-2020-Escherichia-coli-Goats-COL,4.0,mg/L,<,.05
minor-2020-Escherichia-coli-Goats-COL,8.0,mg/L,<,.05
minor-2020-Escherichia-coli-Goats-FIS,16.0,mg/L,<,.05
minor-2020-Escherichia-coli-Goats-FIS,32.0,mg/L,<,.05
minor-2020-Escherichia-coli-Goats-FIS,64.0,mg/L,<,.05
minor-2020-Escherichia-coli-Goats-FIS,128.0,mg/L,<,.05
minor-2020-Escherichia-coli-Goats-FIS,256.0,mg/L,<,.05
minor-2020-Escherichia-coli-Goats-FOX,1.0,mg/L,<,.05
minor-2020-Escherichia-coli-Goats-FOX,2.0,mg/L,<,.05
minor-2020-Escherichia-coli-Goats-FOX,4.0,mg/L,<,.05
minor-2020-Escherichia-coli-Goats-FOX,8.0,mg/L,<,.05
minor-2020-Escherichia-coli-Goats-FOX,16.0,mg/L,<,.05
minor-2020-Escherichia-coli-Goats-FOX,32.0,mg/L,<,.05
minor-2020-Escherichia-coli-Goats-GEN,0.25,mg/L,<,.05
minor-2020-Escherichia-coli-Goats-GEN,0.5,mg/L,<,.05
minor-2020-Escherichia-coli-Goats-GEN,1.0,mg/L,<,.05
minor-2020-Escherichia-coli-Goats-GEN,2.0,mg/L,<,.05
minor-2020-Escherichia-coli-Goats-GEN,4.0,mg/L,<,.05
minor-2020-Escherichia-coli-Goats-GEN,8.0,mg/L,<,.05
minor-2020-Escherichia-coli-Goats-GEN,16.0,mg/L,<,.05
minor-2020-Escherichia-coli-Goats-TET,4.0,mg/L,<,.05
minor-2020-Escherichia-coli-Goats-TET,8.0,mg/L,<,.05
minor-2020-Escherichia-coli-Goats-TET,16.0,mg/L,<,.05
minor-2020-Escherichia-coli-Goats-TET,32.0,mg/L,<,.05
minor-2020-Escherichia-coli-Lambs-AMP,1.0,mg/L,<,.05
minor-2020-Escherichia-coli-Lambs-AMP,2.0,mg/L,<,.05
minor-2020-Escherichia-coli-Lambs-AMP,4.0,mg/L,<,.05
minor-2020-Escherichia-coli-Lambs-AMP,8.0,mg/L,<,.05
minor-2020-Escherichia-coli-Lambs-AMP,16.0,mg/L,<,.05
minor-2020-Escherichia-coli-Lambs-AMP,32.0,mg/L,<,.05
minor-2020-Escherichia-coli-Lambs-AXO,0.25,mg/L,<,.05
minor-2020-Escherichia-coli-Lambs-AXO,0.5,mg/L,<,.05
minor-2020-Escherichia-coli-Lambs-AXO,1.0,mg/L,<,.05
minor-2020-Escherichia-coli-Lambs-AXO,2.0,mg/L,<,.05
minor-2020-Escherichia-coli-Lambs-AXO,4.0,mg/L,<,.05
minor-2020-Escherichia-coli-Lambs-AXO,8.0,mg/L,<,.05
minor-2020-Escherichia-coli-Lambs-AXO,16.0,mg/L,<,.05
minor-2020-Escherichia-coli-Lambs-AXO,32.0,mg/L,<,.05
minor-2020-Escherichia-coli-Lambs-AXO,64.0,mg/L,<,.05
minor-2020-Escherichia-coli-Lambs-AZI,0.25,mg/L,<,.05
minor-2020-Escherichia-coli-Lambs-AZI,0.5,mg/L,<,.05
minor-2020-Escherichia-coli-Lambs-AZI,1.0,mg/L,<,.05
minor-2020-Escherichia-coli-Lambs-AZI,2.0,mg/L,<,.05
minor-2020-Escherichia-coli-Lambs-AZI,4.0,mg/L,<,.05
minor-2020-Escherichia-coli-Lambs-AZI,8.0,mg/L,<,.05
minor-2020-Escherichia-coli-Lambs-AZI,16.0,mg/L,<,.05
minor-2020-Escherichia-coli-Lambs-AZI,32.0,mg/L,<,.05
minor-2020-Escherichia-coli-Lambs-AZI,64.0,mg/L,<,.05
minor-2020-Escherichia-coli-Lambs-CHL,2.0,mg/L,<,.05
minor-2020-Escherichia-coli-Lambs-CHL,4.0,mg/L,<,.05
minor-2020-Escherichia-coli-Lambs-CHL,8.0,mg/L,<,.05
minor-2020-Escherichia-coli-Lambs-CHL,16.0,mg/L,<,.05
minor-2020-Escherichia-coli-Lambs-CHL,32.0,mg/L,<,.05
minor-2020-Escherichia-coli-Lambs-COL,0.25,mg/L,<,.05
minor-2020-Escherichia-coli-Lambs-COL,0.5,mg/L,<,.05
minor-2020-Escherichia-coli-Lambs-COL,1.0,mg/L,<,.05
minor-2020-Escherichia-coli-Lambs-COL,2.0,mg/L,<,.05
minor-2020-Escherichia-coli-Lambs-COL,4.0,mg/L,<,.05
minor-2020-Escherichia-coli-Lambs-COL,8.0,mg/L,<,.05
minor-2020-Escherichia-coli-Lambs-FIS,16.0,mg/L,<,.05
minor-2020-Escherichia-coli-Lambs-FIS,32.0,mg/L,<,.05
minor-2020-Escherichia-coli-Lambs-FIS,64.0,mg/L,<,.05
minor-2020-Escherichia-coli-Lambs-FIS,128.0,mg/L,<,.05
minor-2020-Escherichia-coli-Lambs-FIS,256.0,mg/L,<,.05
minor-2020-Escherichia-coli-Lambs-FOX,1.0,mg/L,<,.05
minor-2020-Escherichia-coli-Lambs-FOX,2.0,mg/L,<,.05
minor-2020-Escherichia-coli-Lambs-FOX,4.0,mg/L,<,.05
minor-2020-Escherichia-coli-Lambs-FOX,8.0,mg/L,<,.05
minor-2020-Escherichia-coli-Lambs-FOX,16.0,mg/L,<,.05
minor-2020-Escherichia-coli-Lambs-FOX,32.0,mg/L,<,.05
minor-2020-Escherichia-coli-Lambs-GEN,0.25,mg/L,<,.05
minor-2020-Escherichia-coli-Lambs-GEN,0.5,mg/L,<,.05
minor-2020-Escherichia-coli-Lambs-GEN,1.0,mg/L,<,.05
minor-2020-Escherichia-coli-Lambs-GEN,2.0,mg/L,<,.05
minor-2020-Escherichia-coli-Lambs-GEN,4.0,mg/L,<,.05
minor-2020-Escherichia-coli-Lambs-GEN,8.0,mg/L,<,.05
minor-2020-Escherichia-coli-Lambs-GEN,16.0,mg/L,<,.05
minor-2020-Escherichia-coli-Lambs-TET,4.0,mg/L,<,.05
minor-2020-Escherichia-coli-Lambs-TET,8.0,mg/L,<,.05
minor-2020-Escherichia-coli-Lambs-TET,16.0,mg/L,<,.05
minor-2020-Escherichia-coli-Lambs-TET,32.0,mg/L,<,.05
minor-2020-Escherichia-coli-Sheep-AMP,1.0,mg/L,<,.05
minor-2020-Escherichia-coli-Sheep-AMP,2.0,mg/L,<,.05
minor-2020-Escherichia-coli-Sheep-AMP,4.0,mg/L,<,.05
minor-2020-Escherichia-coli-Sheep-AMP,8.0,mg/L,<,.05
minor-2020-Escherichia-coli-Sheep-AMP,16.0,mg/L,<,.05
minor-2020-Escherichia-coli-Sheep-AMP,32.0,mg/L,<,.05
minor-2020-Escherichia-coli-Sheep-AXO,0.25,mg/L,<,.05
minor-2020-Escherichia-coli-Sheep-AXO,0.5,mg/L,<,.05
minor-2020-Escherichia-coli-Sheep-AXO,1.0,mg/L,<,.05
minor-2020-Escherichia-coli-Sheep-AXO,2.0,mg/L,<,.05
minor-2020-Escherichia-coli-Sheep-AXO,4.0,mg/L,<,.05
minor-2020-Escherichia-coli-Sheep-AXO,8.0,mg/L,<,.05
minor-2020-Escherichia-coli-Sheep-AXO,16.0,mg/L,<,.05
minor-2020-Escherichia-coli-Sheep-AXO,32.0,mg/L,<,.05
minor-2020-Escherichia-coli-Sheep-AXO,64.0,mg/L,<,.05
minor-2020-Escherichia-coli-Sheep-AZI,0.25,mg/L,<,.05
minor-2020-Escherichia-coli-Sheep-AZI,0.5,mg/L,<,.05
minor-2020-Escherichia-coli-Sheep-AZI,1.0,mg/L,<,.05
minor-2020-Escherichia-coli-Sheep-AZI,2.0,mg/L,<,.05
minor-2020-Escherichia-coli-Sheep-AZI,4.0,mg/L,<,.05
minor-2020-Escherichia-coli-Sheep-AZI,8.0,mg/L,<,.05
minor-2020-Escherichia-coli-Sheep-AZI,16.0,mg/L,<,.05
minor-2020-Escherichia-coli-Sheep-AZI,32.0,mg/L,<,.05
minor-2020-Escherichia-coli-Sheep-AZI,64.0,mg/L,<,.05
minor-2020-Escherichia-coli-Sheep-CHL,2.0,mg/L,<,.05
minor-2020-Escherichia-coli-Sheep-CHL,4.0,mg/L,<,.05
minor-2020-Escherichia-coli-Sheep-CHL,8.0,mg/L,<,.05
minor-2020-Escherichia-coli-Sheep-CHL,16.0,mg/L,<,.05
minor-2020-Escherichia-coli-Sheep-CHL,32.0,mg/L,<,.05
minor-2020-Escherichia-coli-Sheep-COL,0.25,mg/L,<,.05
minor-2020-Escherichia-coli-Sheep-COL,0.5,mg/L,<,.05
minor-2020-Escherichia-coli-Sheep-COL,1.0,mg/L,<,.05
minor-2020-Escherichia-coli-Sheep-COL,2.0,mg/L,<,.05
minor-2020-Escherichia-coli-Sheep-COL,4.0,mg/L,<,.05
minor-2020-Escherichia-coli-Sheep-COL,8.0,mg/L,<,.05
minor-2020-Escherichia-coli-Sheep-FIS,16.0,mg/L,<,.05
minor-2020-Escherichia-coli-Sheep-FIS,32.0,mg/L,<,.05
minor-2020-Escherichia-coli-Sheep-FIS,64.0,mg/L,<,.05
minor-2020-Escherichia-coli-Sheep-FIS,128.0,mg/L,<,.05
minor-2020-Escherichia-coli-Sheep-FIS,256.0,mg/L,<,.05
minor-2020-Escherichia-coli-Sheep-FOX,1.0,mg/L,<,.05
minor-2020-Escherichia-coli-Sheep-FOX,2.0,mg/L,<,.05
minor-2020-Escherichia-coli-Sheep-FOX,4.0,mg/L,<,.05
minor-2020-Escherichia-coli-Sheep-FOX,8.0,mg/L,<,.05
minor-2020-Escherichia-coli-Sheep-FOX,16.0,mg/L,<,.05
minor-2020-Escherichia-coli-Sheep-FOX,32.0,mg/L,<,.05
minor-2020-Escherichia-coli-Sheep-GEN,0.25,mg/L,<,.05
minor-2020-Escherichia-coli-Sheep-GEN,0.5,mg/L,<,.05
minor-2020-Escherichia-coli-Sheep-GEN,1.0,mg/L,<,.05
minor-2020-Escherichia-coli-Sheep-GEN,2.0,mg/L,<,.05
minor-2020-Escherichia-coli-Sheep-GEN,4.0,mg/L,<,.05
minor-2020-Escherichia-coli-Sheep-GEN,8.0,mg/L,<,.05
minor-2020-Escherichia-coli-Sheep-GEN,16.0,mg/L,<,.05
minor-2020-Escherichia-coli-Sheep-NAL,0.5,mg/L,<,.05
minor-2020-Escherichia-coli-Sheep-NAL,1.0,mg/L,<,.05
minor-2020-Escherichia-coli-Sheep-NAL,2.0,mg/L,<,.05
minor-2020-Escherichia-coli-Sheep-NAL,4.0,mg/L,<,.05
minor-2020-Escherichia-coli-Sheep-NAL,8.0,mg/L,<,.05
minor-2020-Escherichia-coli-Sheep-NAL,16.0,mg/L,<,.05
minor-2020-Escherichia-coli-Sheep-NAL,32.0,mg/L,<,.05
minor-2020-Escherichia-coli-Sheep-TET,4.0,mg/L,<,.05
minor-2020-Escherichia-coli-Sheep-TET,8.0,mg/L,<,.05
minor-2020-Escherichia-coli-Sheep-TET,16.0,mg/L,<,.05
minor-2020-Escherichia-coli-Sheep-TET,32.0,mg/L,<,.05
minor-2020-Salmonella-species-unspecified-Goats-AMP,1.0,mg/L,<,.05
minor-2020-Salmonella-species-unspecified-Goats-AMP,2.0,mg/L,<,.05
minor-2020-Salmonella-species-unspecified-Goats-AMP,4.0,mg/L,<,.05
minor-2020-Salmonella-species-unspecified-Goats-AMP,8.0,mg/L,<,.05
minor-2020-Salmonella-species-unspecified-Goats-AMP,16.0,mg/L,<,.05
minor-2020-Salmonella-species-unspecified-Goats-AMP,32.0,mg/L,<,.05
minor-2020-Salmonella-species-unspecified-Goats-AXO,0.25,mg/L,<,.05
minor-2020-Salmonella-species-unspecified-Goats-AXO,0.5,mg/L,<,.05
minor-2020-Salmonella-species-unspecified-Goats-AXO,1.0,mg/L,<,.05
minor-2020-Salmonella-species-unspecified-Goats-AXO,2.0,mg/L,<,.05
minor-2020-Salmonella-species-unspecified-Goats-AXO,4.0,mg/L,<,.05
minor-2020-Salmonella-species-unspecified-Goats-AXO,8.0,mg/L,<,.05
minor-2020-Salmonella-species-unspecified-Goats-AXO,16.0,mg/L,<,.05
minor-2020-Salmonella-species-unspecified-Goats-AXO,32.0,mg/L,<,.05
minor-2020-Salmonella-species-unspecified-Goats-AXO,64.0,mg/L,<,.05
minor-2020-Salmonella-species-unspecified-Goats-AZI,0.25,mg/L,<,.05
minor-2020-Salmonella-species-unspecified-Goats-AZI,0.5,mg/L,<,.05
minor-2020-Salmonella-species-unspecified-Goats-AZI,1.0,mg/L,<,.05
minor-2020-Salmonella-species-unspecified-Goats-AZI,2.0,mg/L,<,.05
minor-2020-Salmonella-species-unspecified-Goats-AZI,4.0,mg/L,<,.05
minor-2020-Salmonella-species-unspecified-Goats-AZI,8.0,mg/L,<,.05
minor-2020-Salmonella-species-unspecified-Goats-AZI,16.0,mg/L,<,.05
minor-2020-Salmonella-species-unspecified-Goats-AZI,32.0,mg/L,<,.05
minor-2020-Salmonella-species-unspecified-Goats-AZI,64.0,mg/L,<,.05
minor-2020-Salmonella-species-unspecified-Goats-CHL,2.0,mg/L,<,.05
minor-2020-Salmonella-species-unspecified-Goats-CHL,4.0,mg/L,<,.05
minor-2020-Salmonella-species-unspecified-Goats-CHL,8.0,mg/L,<,.05
minor-2020-Salmonella-species-unspecified-Goats-CHL,16.0,mg/L,<,.05
minor-2020-Salmonella-species-unspecified-Goats-CHL,32.0,mg/L,<,.05
minor-2020-Salmonella-species-unspecified-Goats-COL,0.25,mg/L,<,.05
minor-2020-Salmonella-species-unspecified-Goats-COL,0.5,mg/L,<,.05
minor-2020-Salmonella-species-unspecified-Goats-COL,1.0,mg/L,<,.05
minor-2020-Salmonella-species-unspecified-Goats-COL,2.0,mg/L,<,.05
minor-2020-Salmonella-species-unspecified-Goats-COL,4.0,mg/L,<,.05
minor-2020-Salmonella-species-unspecified-Goats-COL,8.0,mg/L,<,.05
minor-2020-Salmonella-species-unspecified-Goats-FIS,16.0,mg/L,<,.05
minor-2020-Salmonella-species-unspecified-Goats-FIS,32.0,mg/L,<,.05
minor-2020-Salmonella-species-unspecified-Goats-FIS,64.0,mg/L,<,.05
minor-2020-Salmonella-species-unspecified-Goats-FIS,128.0,mg/L,<,.05
minor-2020-Salmonella-species-unspecified-Goats-FIS,256.0,mg/L,<,.05
minor-2020-Salmonella-species-unspecified-Goats-FOX,1.0,mg/L,<,.05
minor-2020-Salmonella-species-unspecified-Goats-FOX,2.0,mg/L,<,.05
minor-2020-Salmonella-species-unspecified-Goats-FOX,4.0,mg/L,<,.05
minor-2020-Salmonella-species-unspecified-Goats-FOX,8.0,mg/L,<,.05
minor-2020-Salmonella-species-unspecified-Goats-FOX,16.0,mg/L,<,.05
minor-2020-Salmonella-species-unspecified-Goats-FOX,32.0,mg/L,<,.05
minor-2020-Salmonella-species-unspecified-Goats-GEN,0.25,mg/L,<,.05
minor-2020-Salmonella-species-unspecified-Goats-GEN,0.5,mg/L,<,.05
minor-2020-Salmonella-species-unspecified-Goats-GEN,1.0,mg/L,<,.05
minor-2020-Salmonella-species-unspecified-Goats-GEN,2.0,mg/L,<,.05
minor-2020-Salmonella-species-unspecified-Goats-GEN,4.0,mg/L,<,.05
minor-2020-Salmonella-species-unspecified-Goats-GEN,8.0,mg/L,<,.05
minor-2020-Salmonella-species-unspecified-Goats-GEN,16.0,mg/L,<,.05
minor-2020-Salmonella-species-unspecified-Goats-NAL,0.5,mg/L,<,.05
minor-2020-Salmonella-species-unspecified-Goats-NAL,1.0,mg/L,<,.05
minor-2020-Salmonella-species-unspecified-Goats-NAL,2.0,mg/L,<,.05
minor-2020-Salmonella-species-unspecified-Goats-NAL,4.0,mg/L,<,.05
minor-2020-Salmonella-species-unspecified-Goats-NAL,8.0,mg/L,<,.05
minor-2020-Salmonella-species-unspecified-Goats-NAL,16.0,mg/L,<,.05
minor-2020-Salmonella-species-unspecified-Goats-NAL,32.0,mg/L,<,.05
minor-2020-Salmonella-species-unspecified-Goats-TET,4.0,mg/L,<,.05
minor-2020-Salmonella-species-unspecified-Goats-TET,8.0,mg/L,<,.05
minor-2020-Salmonella-species-unspecified-Goats-TET,16.0,mg/L,<,.05
minor-2020-Salmonella-species-unspecified-Goats-TET,32.0,mg/L,<,.05
minor-2020-Salmonella-species-unspecified-Lambs-AMP,1.0,mg/L,<,.05
minor-2020-Salmonella-species-unspecified-Lambs-AMP,2.0,mg/L,<,.05
minor-2020-Salmonella-species-unspecified-Lambs-AMP,4.0,mg/L,<,.05
minor-2020-Salmonella-species-unspecified-Lambs-AMP,8.0,mg/L,<,.05
minor-2020-Salmonella-species-unspecified-Lambs-AMP,16.0,mg/L,<,.05
minor-2020-Salmonella-species-unspecified-Lambs-AMP,32.0,mg/L,<,.05
minor-2020-Salmonella-species-unspecified-Lambs-AXO,0.25,mg/L,<,.05
minor-2020-Salmonella-species-unspecified-Lambs-AXO,0.5,mg/L,<,.05
minor-2020-Salmonella-species-unspecified-Lambs-AXO,1.0,mg/L,<,.05
minor-2020-Salmonella-species-unspecified-Lambs-AXO,2.0,mg/L,<,.05
minor-2020-Salmonella-species-unspecified-Lambs-AXO,4.0,mg/L,<,.05
minor-2020-Salmonella-species-unspecified-Lambs-AXO,8.0,mg/L,<,.05
minor-2020-Salmonella-species-unspecified-Lambs-AXO,16.0,mg/L,<,.05
minor-2020-Salmonella-species-unspecified-Lambs-AXO,32.0,mg/L,<,.05
minor-2020-Salmonella-species-unspecified-Lambs-AXO,64.0,mg/L,<,.05
minor-2020-Salmonella-species-unspecified-Lambs-AZI,0.25,mg/L,<,.05
minor-2020-Salmonella-species-unspecified-Lambs-AZI,0.5,mg/L,<,.05
minor-2020-Salmonella-species-unspecified-Lambs-AZI,1.0,mg/L,<,.05
minor-2020-Salmonella-species-unspecified-Lambs-AZI,2.0,mg/L,<,.05
minor-2020-Salmonella-species-unspecified-Lambs-AZI,4.0,mg/L,<,.05
minor-2020-Salmonella-species-unspecified-Lambs-AZI,8.0,mg/L,<,.05
minor-2020-Salmonella-species-unspecified-Lambs-AZI,16.0,mg/L,<,.05
minor-2020-Salmonella-species-unspecified-Lambs-AZI,32.0,mg/L,<,.05
minor-2020-Salmonella-species-unspecified-Lambs-AZI,64.0,mg/L,<,.05
minor-2020-Salmonella-species-unspecified-Lambs-CHL,2.0,mg/L,<,.05
minor-2020-Salmonella-species-unspecified-Lambs-CHL,4.0,mg/L,<,.05
minor-2020-Salmonella-species-unspecified-Lambs-CHL,8.0,mg/L,<,.05
minor-2020-Salmonella-species-unspecified-Lambs-CHL,16.0,mg/L,<,.05
minor-2020-Salmonella-species-unspecified-Lambs-CHL,32.0,mg/L,<,.05
minor-2020-Salmonella-species-unspecified-Lambs-COL,0.25,mg/L,<,.05
minor-2020-Salmonella-species-unspecified-Lambs-COL,0.5,mg/L,<,.05
minor-2020-Salmonella-species-unspecified-Lambs-COL,1.0,mg/L,<,.05
minor-2020-Salmonella-species-unspecified-Lambs-COL,2.0,mg/L,<,.05
minor-2020-Salmonella-species-unspecified-Lambs-COL,4.0,mg/L,<,.05
minor-2020-Salmonella-species-unspecified-Lambs-COL,8.0,mg/L,<,.05
minor-2020-Salmonella-species-unspecified-Lambs-FIS,16.0,mg/L,<,.05
minor-2020-Salmonella-species-unspecified-Lambs-FIS,32.0,mg/L,<,.05
minor-2020-Salmonella-species-unspecified-Lambs-FIS,64.0,mg/L,<,.05
minor-2020-Salmonella-species-unspecified-Lambs-FIS,128.0,mg/L,<,.05
minor-2020-Salmonella-species-unspecified-Lambs-FIS,256.0,mg/L,<,.05
minor-2020-Salmonella-species-unspecified-Lambs-FOX,1.0,mg/L,<,.05
minor-2020-Salmonella-species-unspecified-Lambs-FOX,2.0,mg/L,<,.05
minor-2020-Salmonella-species-unspecified-Lambs-FOX,4.0,mg/L,<,.05
minor-2020-Salmonella-species-unspecified-Lambs-FOX,8.0,mg/L,<,.05
minor-2020-Salmonella-species-unspecified-Lambs-FOX,16.0,mg/L,<,.05
minor-2020-Salmonella-species-unspecified-Lambs-FOX,32.0,mg/L,<,.05
minor-2020-Salmonella-species-unspecified-Lambs-GEN,0.25,mg/L,<,.05
minor-2020-Salmonella-species-unspecified-Lambs-GEN,0.5,mg/L,<,.05
minor-2020-Salmonella-species-unspecified-Lambs-GEN,1.0,mg/L,<,.05
minor-2020-Salmonella-species-unspecified-Lambs-GEN,2.0,mg/L,<,.05
minor-2020-Salmonella-species-unspecified-Lambs-GEN,4.0,mg/L,<,.05
minor-2020-Salmonella-species-unspecified-Lambs-GEN,8.0,mg/L,<,.05
minor-2020-Salmonella-species-unspecified-Lambs-GEN,16.0,mg/L,<,.05
minor-2020-Salmonella-species-unspecified-Lambs-NAL,0.5,mg/L,<,.05
minor-2020-Salmonella-species-unspecified-Lambs-NAL,1.0,mg/L,<,.05
minor-2020-Salmonella-species-unspecified-Lambs-NAL,2.0,mg/L,<,.05
minor-2020-Salmonella-species-unspecified-Lambs-NAL,4.0,mg/L,<,.05
minor-2020-Salmonella-species-unspecified-Lambs-NAL,8.0,mg/L,<,.05
minor-2020-Salmonella-species-unspecified-Lambs-NAL,16.0,mg/L,<,.05
minor-2020-Salmonella-species-unspecified-Lambs-NAL,32.0,mg/L,<,.05
minor-2020-Salmonella-species-unspecified-Lambs-TET,4.0,mg/L,<,.05
minor-2020-Salmonella-species-unspecified-Lambs-TET,8.0,mg/L,<,.05
minor-2020-Salmonella-species-unspecified-Lambs-TET,16.0,mg/L,<,.05
minor-2020-Salmonella-species-unspecified-Lambs-TET,32.0,mg/L,<,.05
minor-2020-Salmonella-species-unspecified-Sheep-AMP,1.0,mg/L,<,.05
minor-2020-Salmonella-species-unspecified-Sheep-AMP,2.0,mg/L,<,.05
minor-2020-Salmonella-species-unspecified-Sheep-AMP,4.0,mg/L,<,.05
minor-2020-Salmonella-species-unspecified-Sheep-AMP,8.0,mg/L,<,.05
minor-2020-Salmonella-species-unspecified-Sheep-AMP,16.0,mg/L,<,.05
minor-2020-Salmonella-species-unspecified-Sheep-AMP,32.0,mg/L,<,.05
minor-2020-Salmonella-species-unspecified-Sheep-AXO,0.25,mg/L,<,.05
minor-2020-Salmonella-species-unspecified-Sheep-AXO,0.5,mg/L,<,.05
minor-2020-Salmonella-species-unspecified-Sheep-AXO,1.0,mg/L,<,.05
minor-2020-Salmonella-species-unspecified-Sheep-AXO,2.0,mg/L,<,.05
minor-2020-Salmonella-species-unspecified-Sheep-AXO,4.0,mg/L,<,.05
minor-2020-Salmonella-species-unspecified-Sheep-AXO,8.0,mg/L,<,.05
minor-2020-Salmonella-species-unspecified-Sheep-AXO,16.0,mg/L,<,.05
minor-2020-Salmonella-species-unspecified-Sheep-AXO,32.0,mg/L,<,.05
minor-2020-Salmonella-species-unspecified-Sheep-AXO,64.0,mg/L,<,.05
minor-2020-Salmonella-species-unspecified-Sheep-AZI,0.25,mg/L,<,.05
minor-2020-Salmonella-species-unspecified-Sheep-AZI,0.5,mg/L,<,.05
minor-2020-Salmonella-species-unspecified-Sheep-AZI,1.0,mg/L,<,.05
minor-2020-Salmonella-species-unspecified-Sheep-AZI,2.0,mg/L,<,.05
minor-2020-Salmonella-species-unspecified-Sheep-AZI,4.0,mg/L,<,.05
minor-2020-Salmonella-species-unspecified-Sheep-AZI,8.0,mg/L,<,.05
minor-2020-Salmonella-species-unspecified-Sheep-AZI,16.0,mg/L,<,.05
minor-2020-Salmonella-species-unspecified-Sheep-AZI,32.0,mg/L,<,.05
minor-2020-Salmonella-species-unspecified-Sheep-AZI,64.0,mg/L,<,.05
minor-2020-Salmonella-species-unspecified-Sheep-CHL,2.0,mg/L,<,.05
minor-2020-Salmonella-species-unspecified-Sheep-CHL,4.0,mg/L,<,.05
minor-2020-Salmonella-species-unspecified-Sheep-CHL,8.0,mg/L,<,.05
minor-2020-Salmonella-species-unspecified-Sheep-CHL,16.0,mg/L,<,.05
minor-2020-Salmonella-species-unspecified-Sheep-CHL,32.0,mg/L,<,.05
minor-2020-Salmonella-species-unspecified-Sheep-COL,0.25,mg/L,<,.05
minor-2020-Salmonella-species-unspecified-Sheep-COL,0.5,mg/L,<,.05
minor-2020-Salmonella-species-unspecified-Sheep-COL,1.0,mg/L,<,.05
minor-2020-Salmonella-species-unspecified-Sheep-COL,2.0,mg/L,<,.05
minor-2020-Salmonella-species-unspecified-Sheep-COL,4.0,mg/L,<,.05
minor-2020-Salmonella-species-unspecified-Sheep-COL,8.0,mg/L,<,.05
minor-2020-Salmonella-species-unspecified-Sheep-FIS,16.0,mg/L,<,.05
minor-2020-Salmonella-species-unspecified-Sheep-FIS,32.0,mg/L,<,.05
minor-2020-Salmonella-species-unspecified-Sheep-FIS,64.0,mg/L,<,.05
minor-2020-Salmonella-species-unspecified-Sheep-FIS,128.0,mg/L,<,.05
minor-2020-Salmonella-species-unspecified-Sheep-FIS,256.0,mg/L,<,.05
minor-2020-Salmonella-species-unspecified-Sheep-FOX,1.0,mg/L,<,.05
minor-2020-Salmonella-species-unspecified-Sheep-FOX,2.0,mg/L,<,.05
minor-2020-Salmonella-species-unspecified-Sheep-FOX,4.0,mg/L,<,.05
minor-2020-Salmonella-species-unspecified-Sheep-FOX,8.0,mg/L,<,.05
minor-2020-Salmonella-species-unspecified-Sheep-FOX,16.0,mg/L,<,.05
minor-2020-Salmonella-species-unspecified-Sheep-FOX,32.0,mg/L,<,.05
minor-2020-Salmonella-species-unspecified-Sheep-GEN,0.25,mg/L,<,.05
minor-2020-Salmonella-species-unspecified-Sheep-GEN,0.5,mg/L,<,.05
minor-2020-Salmonella-species-unspecified-Sheep-GEN,1.0,mg/L,<,.05
minor-2020-Salmonella-species-unspecified-Sheep-GEN,2.0,mg/L,<,.05
minor-2020-Salmonella-species-unspecified-Sheep-GEN,4.0,mg/L,<,.05
minor-2020-Salmonella-species-unspecified-Sheep-GEN,8.0,mg/L,<,.05
minor-2020-Salmonella-species-unspecified-Sheep-GEN,16.0,mg/L,<,.05
minor-2020-Salmonella-species-unspecified-Sheep-NAL,0.5,mg/L,<,.05
minor-2020-Salmonella-species-unspecified-Sheep-NAL,1.0,mg/L,<,.05
minor-2020-Salmonella-species-unspecified-Sheep-NAL,2.0,mg/L,<,.05
minor-2020-Salmonella-species-unspecified-Sheep-NAL,4.0,mg/L,<,.05
minor-2020-Salmonella-species-unspecified-Sheep-NAL,8.0,mg/L,<,.05
minor-2020-Salmonella-species-unspecified-Sheep-NAL,16.0,mg/L,<,.05
minor-2020-Salmonella-species-unspecified-Sheep-NAL,32.0,mg/L,<,.05
minor-2020-Salmonella-species-unspecified-Sheep-TET,4.0,mg/L,<,.05
minor-2020-Salmonella-species-unspecified-Sheep-TET,8.0,mg/L,<,.05
minor-2020-Salmonella-species-unspecified-Sheep-TET,16.0,mg/L,<,.05
minor-2020-Salmonella-species-unspecified-Sheep-TET,32.0,mg/L,<,.05
minor-2021-Escherichia-coli-Goats-AMP,1.0,mg/L,<,.05
minor-2021-Escherichia-coli-Goats-AMP,2.0,mg/L,<,.05
minor-2021-Escherichia-coli-Goats-AMP,4.0,mg/L,<,.05
minor-2021-Escherichia-coli-Goats-AMP,8.0,mg/L,<,.05
minor-2021-Escherichia-coli-Goats-AMP,16.0,mg/L,<,.05
minor-2021-Escherichia-coli-Goats-AMP,32.0,mg/L,<,.05
minor-2021-Escherichia-coli-Goats-AXO,0.25,mg/L,<,.05
minor-2021-Escherichia-coli-Goats-AXO,0.5,mg/L,<,.05
minor-2021-Escherichia-coli-Goats-AXO,1.0,mg/L,<,.05
minor-2021-Escherichia-coli-Goats-AXO,2.0,mg/L,<,.05
minor-2021-Escherichia-coli-Goats-AXO,4.0,mg/L,<,.05
minor-2021-Escherichia-coli-Goats-AXO,8.0,mg/L,<,.05
minor-2021-Escherichia-coli-Goats-AXO,16.0,mg/L,<,.05
minor-2021-Escherichia-coli-Goats-AXO,32.0,mg/L,<,.05
minor-2021-Escherichia-coli-Goats-AXO,64.0,mg/L,<,.05
