cohort_id,panel_id,variant_id,n,mic50,mic90,rank_convention,rank50,rank90,iid,source_doi,source_location,metadata_basis,rank_basis,panel_basis
extension-06,human-fluconazole,primary,507,1,4,ceiling,,,false,10.1186/s12879-026-12598-y,Tab4; Clinical C. parapsilosis sensu stricto / fluconazole,conditional rank sensitivity,Analyst-declared ceiling and adjacent rank pairs; not established by the source and not exhaustive of all quantile definitions,"Methods specify 0.063-64 ug/mL; Table 4 provides intervening level labels. Ranks are analyst-declared; no histogram is used to generate these input quantiles; Lowest category includes lower censoring; intermediate latent intervals are (previous level,current level]."
extension-06,human-fluconazole,adjacent-1,507,1,4,explicit,253,456,false,10.1186/s12879-026-12598-y,Tab4; Clinical C. parapsilosis sensu stricto / fluconazole,conditional rank sensitivity,Analyst-declared ceiling and adjacent rank pairs; not established by the source and not exhaustive of all quantile definitions,"Methods specify 0.063-64 ug/mL; Table 4 provides intervening level labels. Ranks are analyst-declared; no histogram is used to generate these input quantiles; Lowest category includes lower censoring; intermediate latent intervals are (previous level,current level]."
extension-06,human-fluconazole,adjacent-2,507,1,4,explicit,253,457,false,10.1186/s12879-026-12598-y,Tab4; Clinical C. parapsilosis sensu stricto / fluconazole,conditional rank sensitivity,Analyst-declared ceiling and adjacent rank pairs; not established by the source and not exhaustive of all quantile definitions,"Methods specify 0.063-64 ug/mL; Table 4 provides intervening level labels. Ranks are analyst-declared; no histogram is used to generate these input quantiles; Lowest category includes lower censoring; intermediate latent intervals are (previous level,current level]."
extension-06,human-fluconazole,adjacent-3,507,1,4,explicit,254,456,false,10.1186/s12879-026-12598-y,Tab4; Clinical C. parapsilosis sensu stricto / fluconazole,conditional rank sensitivity,Analyst-declared ceiling and adjacent rank pairs; not established by the source and not exhaustive of all quantile definitions,"Methods specify 0.063-64 ug/mL; Table 4 provides intervening level labels. Ranks are analyst-declared; no histogram is used to generate these input quantiles; Lowest category includes lower censoring; intermediate latent intervals are (previous level,current level]."
extension-11,canine-chlorhexidine,primary,16,0.781,1.562,ceiling,,,false,10.1002/vms3.71162,vms371162-tbl-0004; Total canine S. pseudintermedius / chlorhexidine,conditional rank sensitivity,Analyst-declared ceiling and adjacent rank pairs; not established by the source and not exhaustive of all quantile definitions,"First explicitly denominated table row is Total n=16; methods specify two tenfold then twofold dilutions and endpoints; displayed rounded concentrations are used literally; Lowest category includes lower censoring; intermediate latent intervals are (previous level,current level]."
extension-11,canine-chlorhexidine,adjacent-1,16,0.781,1.562,explicit,8,14,false,10.1002/vms3.71162,vms371162-tbl-0004; Total canine S. pseudintermedius / chlorhexidine,conditional rank sensitivity,Analyst-declared ceiling and adjacent rank pairs; not established by the source and not exhaustive of all quantile definitions,"First explicitly denominated table row is Total n=16; methods specify two tenfold then twofold dilutions and endpoints; displayed rounded concentrations are used literally; Lowest category includes lower censoring; intermediate latent intervals are (previous level,current level]."
extension-11,canine-chlorhexidine,adjacent-2,16,0.781,1.562,explicit,9,14,false,10.1002/vms3.71162,vms371162-tbl-0004; Total canine S. pseudintermedius / chlorhexidine,conditional rank sensitivity,Analyst-declared ceiling and adjacent rank pairs; not established by the source and not exhaustive of all quantile definitions,"First explicitly denominated table row is Total n=16; methods specify two tenfold then twofold dilutions and endpoints; displayed rounded concentrations are used literally; Lowest category includes lower censoring; intermediate latent intervals are (previous level,current level]."
extension-11,canine-chlorhexidine,adjacent-3,16,0.781,1.562,explicit,9,15,false,10.1002/vms3.71162,vms371162-tbl-0004; Total canine S. pseudintermedius / chlorhexidine,conditional rank sensitivity,Analyst-declared ceiling and adjacent rank pairs; not established by the source and not exhaustive of all quantile definitions,"First explicitly denominated table row is Total n=16; methods specify two tenfold then twofold dilutions and endpoints; displayed rounded concentrations are used literally; Lowest category includes lower censoring; intermediate latent intervals are (previous level,current level]."
extension-13,canine-shampoo,primary,30,0.625,0.625,ceiling,,,false,10.3390/microorganisms14081660,microorganisms-14-01660-t001; 30 canine MDR-SP / MAX Chlorhexidine 4 shampoo,source-established ranks and declared conservative interval geometry,Minimum concentration inhibiting 50/90% of isolates (nearest-rank interpretation),"Six final twofold dilutions 1:16000-1:512000; mg/L denotes chlorhexidine-equivalent concentration of the whole formulation, not pure-compound efficacy; Lowest category includes lower censoring; intermediate latent intervals are (previous level,current level]."
